{
  "images" : [
    {
      "idiom" : "universal",
      "scale" : "1x"
    },
    {
      "resizing" : {
        "mode" : "3-part-horizontal",
        "center" : {
          "mode" : "fill",
          "width" : 1
        },
        "capInsets" : {
          "right" : 6,
          "left" : 5
        }
      },
      "idiom" : "universal",
      "filename" : "compose_emotion_table_right_selected@2x.png",
      "scale" : "2x"
    }
  ],
  "info" : {
    "version" : 1,
    "author" : "xcode"
  }
}